[
	{
		"id": 1,
		"name": "Ornare Placerat Orci Incorporated",
		"description": "2540 Aptent Av.",
		"agents": 47,
		"achievementRate": 10,
		"pickUpRate": 35,
		"skill": "Ford, Hall G.",
		"status": 2,
		"active": 1,
		"beginDate": "20160103104908",
		"endDate": "20191201112127",
		"remainingContacts": 64
	},
	{
		"id": 2,
		"name": "Id Incorporated",
		"description": "700-7657 Ipsum. Rd.",
		"agents": 92,
		"achievementRate": 46,
		"pickUpRate": 74,
		"skill": "Sexton, Inga N.",
		"status": 2,
		"active": 1,
		"beginDate": "20171007081620",
		"endDate": "20180330050756",
		"remainingContacts": 100
	},
	{
		"id": 3,
		"name": "Adipiscing Non Luctus Industries",
		"description": "653-6337 Mauris, St.",
		"agents": 52,
		"achievementRate": 34,
		"pickUpRate": 78,
		"skill": "Hodges, Samuel G.",
		"status": 2,
		"active": 1,
		"beginDate": "20170714201251",
		"endDate": "20180913162618",
		"remainingContacts": 24
	},
	{
		"id": 4,
		"name": "Nunc Mauris Institute",
		"description": "P.O. Box 280, 4945 Velit. Rd.",
		"agents": 45,
		"achievementRate": 54,
		"pickUpRate": 12,
		"skill": "Farley, Cheryl Z.",
		"status": 2,
		"active": 0,
		"beginDate": "20171127193034",
		"endDate": "20180504010552",
		"remainingContacts": 15
	},
	{
		"id": 5,
		"name": "Ornare Placerat Orci Incorporated",
		"description": "2540 Aptent Av.",
		"agents": 47,
		"achievementRate": 10,
		"pickUpRate": 35,
		"skill": "Ford, Hall G.",
		"status": 2,
		"active": 1,
		"beginDate": "20160103104908",
		"endDate": "20191201112127",
		"remainingContacts": 64
	},
	{
		"id": 6,
		"name": "Enim Etiam PC",
		"description": "3492 Urna. St.",
		"agents": 49,
		"achievementRate": 38,
		"pickUpRate": 6,
		"skill": "Wynn, Ross L.",
		"status": 2,
		"active": 0,
		"beginDate": "20170420233710",
		"endDate": "20180306023434",
		"remainingContacts": 83
	},
	{
		"id": 7,
		"name": "Commodo Incorporated",
		"description": "P.O. Box 117, 3341 Amet, Ave",
		"agents": 76,
		"achievementRate": 93,
		"pickUpRate": 22,
		"skill": "Riggs, Amaya C.",
		"status": 2,
		"active": 1,
		"beginDate": "20160217023442",
		"endDate": "20180228041944",
		"remainingContacts": 85
	},
	{
		"id": 8,
		"name": "Magna Nam Institute",
		"description": "Ap #105-3951 Fames St.",
		"agents": 74,
		"achievementRate": 38,
		"pickUpRate": 95,
		"skill": "Chandler, Hoyt Q.",
		"status": 2,
		"active": 1,
		"beginDate": "20170701000133",
		"endDate": "20190619220118",
		"remainingContacts": 75
	},
	{
		"id": 9,
		"name": "Non Luctus Sit Consulting",
		"description": "892-5579 Pede Avenue",
		"agents": 3,
		"achievementRate": 73,
		"pickUpRate": 83,
		"skill": "Fitzpatrick, Kirsten O.",
		"status": 2,
		"active": 1,
		"beginDate": "20171029104946",
		"endDate": "20181111143009",
		"remainingContacts": 59
	},
	{
		"id": 10,
		"name": "Enim Company",
		"description": "Ap #333-6124 Eu St.",
		"agents": 18,
		"achievementRate": 30,
		"pickUpRate": 20,
		"skill": "Bonner, Tanek S.",
		"status": 2,
		"active": 0,
		"beginDate": "20170504130316",
		"endDate": "20190829075446",
		"remainingContacts": 16
	},
	{
		"id": 11,
		"name": "Eleifend Vitae Erat Associates",
		"description": "721-8419 Sit Ave",
		"agents": 86,
		"achievementRate": 31,
		"pickUpRate": 60,
		"skill": "Morton, Nyssa A.",
		"status": 2,
		"active": 0,
		"beginDate": "20160608211627",
		"endDate": "20190502001445",
		"remainingContacts": 51
	},
	{
		"id": 12,
		"name": "Pellentesque Company",
		"description": "680-1295 Ullamcorper, St.",
		"agents": 53,
		"achievementRate": 83,
		"pickUpRate": 46,
		"skill": "Cummings, Lani H.",
		"status": 2,
		"active": 1,
		"beginDate": "20160607020952",
		"endDate": "20190311082700",
		"remainingContacts": 75
	},
	{
		"id": 13,
		"name": "Ipsum Sodales Ltd",
		"description": "7882 Donec St.",
		"agents": 83,
		"achievementRate": 31,
		"pickUpRate": 60,
		"skill": "Horne, Latifah W.",
		"status": 2,
		"active": 0,
		"beginDate": "20170412014730",
		"endDate": "20180310005853",
		"remainingContacts": 8
	},
	{
		"id": 14,
		"name": "Magna Sed Associates",
		"description": "P.O. Box 536, 4443 Luctus Ave",
		"agents": 31,
		"achievementRate": 15,
		"pickUpRate": 97,
		"skill": "Sargent, Andrew M.",
		"status": 2,
		"active": 1,
		"beginDate": "20171223035940",
		"endDate": "20180908175515",
		"remainingContacts": 23
	},
	{
		"id": 15,
		"name": "Cursus Luctus LLP",
		"description": "Ap #605-2964 Class St.",
		"agents": 35,
		"achievementRate": 9,
		"pickUpRate": 3,
		"skill": "Hawkins, Melodie I.",
		"status": 2,
		"active": 1,
		"beginDate": "20170429180841",
		"endDate": "20180208193020",
		"remainingContacts": 72
	},
	{
		"id": 16,
		"name": "Cursus Luctus Ipsum Foundation",
		"description": "Ap #116-7890 Eleifend Street",
		"agents": 68,
		"achievementRate": 92,
		"pickUpRate": 23,
		"skill": "Bradford, Briar B.",
		"status": 2,
		"active": 0,
		"beginDate": "20170322105053",
		"endDate": "20180609192204",
		"remainingContacts": 80
	},
	{
		"id": 17,
		"name": "Tellus LLC",
		"description": "3731 Eu Rd.",
		"agents": 1,
		"achievementRate": 48,
		"pickUpRate": 60,
		"skill": "Horton, Amena L.",
		"status": 2,
		"active": 1,
		"beginDate": "20170701225520",
		"endDate": "20180606010022",
		"remainingContacts": 34
	},
	{
		"id": 18,
		"name": "Mattis Ltd",
		"description": "8779 Purus Av.",
		"agents": 51,
		"achievementRate": 53,
		"pickUpRate": 9,
		"skill": "Pierce, Carl D.",
		"status": 2,
		"active": 1,
		"beginDate": "20161119194413",
		"endDate": "20190624104547",
		"remainingContacts": 79
	},
	{
		"id": 19,
		"name": "Convallis Ligula Institute",
		"description": "Ap #920-9078 Tempus Av.",
		"agents": 78,
		"achievementRate": 22,
		"pickUpRate": 9,
		"skill": "Alvarez, Lucy Z.",
		"status": 2,
		"active": 1,
		"beginDate": "20161018045718",
		"endDate": "20181215231453",
		"remainingContacts": 12
	},
	{
		"id": 20,
		"name": "Penatibus Et PC",
		"description": "Ap #410-9658 Id Av.",
		"agents": 66,
		"achievementRate": 40,
		"pickUpRate": 63,
		"skill": "Oneal, Aspen Y.",
		"status": 2,
		"active": 0,
		"beginDate": "20171106102519",
		"endDate": "20190627115457",
		"remainingContacts": 92
	},
	{
		"id": 21,
		"name": "Nulla Magna Malesuada Ltd",
		"description": "P.O. Box 242, 7003 Magna. Av.",
		"agents": 40,
		"achievementRate": 100,
		"pickUpRate": 42,
		"skill": "Salas, Maxine I.",
		"status": 2,
		"active": 1,
		"beginDate": "20170718230600",
		"endDate": "20181226202445",
		"remainingContacts": 100
	},
	{
		"id": 22,
		"name": "In PC",
		"description": "3505 Ut Avenue",
		"agents": 54,
		"achievementRate": 23,
		"pickUpRate": 25,
		"skill": "Aguirre, Nina M.",
		"status": 2,
		"active": 1,
		"beginDate": "20170127073308",
		"endDate": "20180818203655",
		"remainingContacts": 98
	},
	{
		"id": 23,
		"name": "Sociis Natoque Penatibus LLP",
		"description": "P.O. Box 720, 5381 Porttitor St.",
		"agents": 3,
		"achievementRate": 42,
		"pickUpRate": 37,
		"skill": "Copeland, Serina N.",
		"status": 2,
		"active": 1,
		"beginDate": "20160222205443",
		"endDate": "20190408080319",
		"remainingContacts": 1
	},
	{
		"id": 24,
		"name": "Rutrum Institute",
		"description": "Ap #947-5484 Dolor St.",
		"agents": 57,
		"achievementRate": 36,
		"pickUpRate": 39,
		"skill": "Perez, Tobias Y.",
		"status": 2,
		"active": 0,
		"beginDate": "20170803153219",
		"endDate": "20191015064923",
		"remainingContacts": 90
	},
	{
		"id": 25,
		"name": "Ligula LLC",
		"description": "8569 Ante St.",
		"agents": 5,
		"achievementRate": 38,
		"pickUpRate": 42,
		"skill": "Warren, Tatiana D.",
		"status": 2,
		"active": 0,
		"beginDate": "20170820065110",
		"endDate": "20191024053405",
		"remainingContacts": 6
	},
	{
		"id": 26,
		"name": "Ligula Ltd",
		"description": "Ap #386-4587 Volutpat St.",
		"agents": 65,
		"achievementRate": 58,
		"pickUpRate": 36,
		"skill": "Eaton, Katell S.",
		"status": 2,
		"active": 1,
		"beginDate": "20160705022243",
		"endDate": "20190918212235",
		"remainingContacts": 37
	},
	{
		"id": 27,
		"name": "Dictum Proin PC",
		"description": "Ap #385-6616 Molestie St.",
		"agents": 76,
		"achievementRate": 41,
		"pickUpRate": 80,
		"skill": "Tucker, Xavier S.",
		"status": 2,
		"active": 0,
		"beginDate": "20160106101937",
		"endDate": "20181117035108",
		"remainingContacts": 56
	},
	{
		"id": 28,
		"name": "Magnis Dis Parturient Inc.",
		"description": "337-6898 Augue St.",
		"agents": 69,
		"achievementRate": 62,
		"pickUpRate": 91,
		"skill": "Adams, Kelly F.",
		"status": 2,
		"active": 1,
		"beginDate": "20170122053147",
		"endDate": "20180217082855",
		"remainingContacts": 48
	},
	{
		"id": 29,
		"name": "Ridiculus Mus Aenean Incorporated",
		"description": "Ap #716-2668 Ut Street",
		"agents": 82,
		"achievementRate": 19,
		"pickUpRate": 76,
		"skill": "Lopez, Reed P.",
		"status": 2,
		"active": 0,
		"beginDate": "20161228162853",
		"endDate": "20181008082419",
		"remainingContacts": 86
	},
	{
		"id": 30,
		"name": "Vehicula Et Rutrum Corporation",
		"description": "P.O. Box 401, 7592 Posuere Av.",
		"agents": 80,
		"achievementRate": 80,
		"pickUpRate": 42,
		"skill": "Jacobs, Garth F.",
		"status": 2,
		"active": 0,
		"beginDate": "20160513090136",
		"endDate": "20190604041603",
		"remainingContacts": 99
	},
	{
		"id": 31,
		"name": "Rutrum Company",
		"description": "P.O. Box 395, 7663 Ultricies St.",
		"agents": 65,
		"achievementRate": 93,
		"pickUpRate": 2,
		"skill": "Vang, Sarah N.",
		"status": 2,
		"active": 1,
		"beginDate": "20160207015627",
		"endDate": "20180426103045",
		"remainingContacts": 10
	},
	{
		"id": 32,
		"name": "Magna Tellus PC",
		"description": "9047 Nec Avenue",
		"agents": 46,
		"achievementRate": 33,
		"pickUpRate": 92,
		"skill": "Garcia, Rahim A.",
		"status": 2,
		"active": 1,
		"beginDate": "20161009144043",
		"endDate": "20180710111505",
		"remainingContacts": 18
	},
	{
		"id": 33,
		"name": "Lorem LLP",
		"description": "9514 Lorem, St.",
		"agents": 41,
		"achievementRate": 96,
		"pickUpRate": 90,
		"skill": "Santiago, Cairo I.",
		"status": 2,
		"active": 0,
		"beginDate": "20170731015948",
		"endDate": "20190809235039",
		"remainingContacts": 95
	},
	{
		"id": 34,
		"name": "Justo Faucibus Corporation",
		"description": "P.O. Box 660, 1757 Non, Ave",
		"agents": 39,
		"achievementRate": 95,
		"pickUpRate": 64,
		"skill": "Casey, Alice B.",
		"status": 2,
		"active": 0,
		"beginDate": "20171003235506",
		"endDate": "20190504002649",
		"remainingContacts": 69
	},
	{
		"id": 35,
		"name": "Suspendisse Tristique Neque Corporation",
		"description": "617-4488 Integer Road",
		"agents": 86,
		"achievementRate": 45,
		"pickUpRate": 52,
		"skill": "Garner, Kaseem Z.",
		"status": 2,
		"active": 0,
		"beginDate": "20170207130816",
		"endDate": "20190416153856",
		"remainingContacts": 77
	},
	{
		"id": 36,
		"name": "Pellentesque Company",
		"description": "3091 Odio, Road",
		"agents": 47,
		"achievementRate": 98,
		"pickUpRate": 1,
		"skill": "Mejia, Aiko V.",
		"status": 2,
		"active": 0,
		"beginDate": "20170504073221",
		"endDate": "20191203113940",
		"remainingContacts": 46
	},
	{
		"id": 37,
		"name": "Turpis PC",
		"description": "523-3803 Enim St.",
		"agents": 24,
		"achievementRate": 2,
		"pickUpRate": 78,
		"skill": "Maddox, Yen R.",
		"status": 2,
		"active": 0,
		"beginDate": "20170520005813",
		"endDate": "20180323082359",
		"remainingContacts": 4
	},
	{
		"id": 38,
		"name": "Tellus Limited",
		"description": "2935 Iaculis Rd.",
		"agents": 26,
		"achievementRate": 60,
		"pickUpRate": 28,
		"skill": "Figueroa, Jessamine K.",
		"status": 2,
		"active": 0,
		"beginDate": "20170609221148",
		"endDate": "20190509033428",
		"remainingContacts": 27
	},
	{
		"id": 39,
		"name": "Elit Limited",
		"description": "Ap #879-9151 Mauris St.",
		"agents": 93,
		"achievementRate": 97,
		"pickUpRate": 85,
		"skill": "Ray, Jack E.",
		"status": 2,
		"active": 1,
		"beginDate": "20161021064639",
		"endDate": "20190801140618",
		"remainingContacts": 27
	},
	{
		"id": 40,
		"name": "Feugiat Metus Sit Industries",
		"description": "888-6678 Eu Rd.",
		"agents": 59,
		"achievementRate": 69,
		"pickUpRate": 44,
		"skill": "Rasmussen, Lydia P.",
		"status": 2,
		"active": 0,
		"beginDate": "20170617143355",
		"endDate": "20190913115142",
		"remainingContacts": 62
	},
	{
		"id": 41,
		"name": "Condimentum Company",
		"description": "Ap #363-1020 Sit Avenue",
		"agents": 50,
		"achievementRate": 4,
		"pickUpRate": 32,
		"skill": "Glenn, Rashad Y.",
		"status": 2,
		"active": 0,
		"beginDate": "20170304185202",
		"endDate": "20190202034312",
		"remainingContacts": 36
	},
	{
		"id": 42,
		"name": "Tellus Non Magna Company",
		"description": "P.O. Box 832, 1316 Morbi Ave",
		"agents": 92,
		"achievementRate": 37,
		"pickUpRate": 98,
		"skill": "Carpenter, Honorato W.",
		"status": 2,
		"active": 1,
		"beginDate": "20170720140322",
		"endDate": "20180721153050",
		"remainingContacts": 88
	},
	{
		"id": 43,
		"name": "Egestas Lacinia Sed Inc.",
		"description": "927-4098 Velit Rd.",
		"agents": 62,
		"achievementRate": 81,
		"pickUpRate": 30,
		"skill": "Pate, Graiden T.",
		"status": 2,
		"active": 0,
		"beginDate": "20171030013634",
		"endDate": "20180724073217",
		"remainingContacts": 73
	},
	{
		"id": 44,
		"name": "Senectus Et Industries",
		"description": "P.O. Box 299, 2829 Sollicitudin Street",
		"agents": 82,
		"achievementRate": 73,
		"pickUpRate": 54,
		"skill": "Banks, Brooke R.",
		"status": 2,
		"active": 0,
		"beginDate": "20170106014713",
		"endDate": "20180819192308",
		"remainingContacts": 80
	},
	{
		"id": 45,
		"name": "Eleifend Ltd",
		"description": "Ap #749-167 Non Rd.",
		"agents": 28,
		"achievementRate": 14,
		"pickUpRate": 90,
		"skill": "Rush, Julian D.",
		"status": 2,
		"active": 1,
		"beginDate": "20160229213852",
		"endDate": "20191108192746",
		"remainingContacts": 65
	},
	{
		"id": 46,
		"name": "Dictum Institute",
		"description": "P.O. Box 855, 2545 In Rd.",
		"agents": 11,
		"achievementRate": 2,
		"pickUpRate": 15,
		"skill": "Nicholson, Allen C.",
		"status": 2,
		"active": 1,
		"beginDate": "20171216065400",
		"endDate": "20190609042915",
		"remainingContacts": 3
	},
	{
		"id": 47,
		"name": "Dolor Tempus LLC",
		"description": "Ap #306-3057 Ut, Av.",
		"agents": 78,
		"achievementRate": 2,
		"pickUpRate": 36,
		"skill": "Richards, Judith N.",
		"status": 2,
		"active": 0,
		"beginDate": "20170830012059",
		"endDate": "20181003220805",
		"remainingContacts": 7
	},
	{
		"id": 48,
		"name": "Cursus Industries",
		"description": "P.O. Box 508, 2646 Amet Road",
		"agents": 6,
		"achievementRate": 85,
		"pickUpRate": 76,
		"skill": "Melendez, Francesca V.",
		"status": 2,
		"active": 0,
		"beginDate": "20160701005953",
		"endDate": "20180513075058",
		"remainingContacts": 53
	},
	{
		"id": 49,
		"name": "Pharetra Institute",
		"description": "969-5523 Vivamus St.",
		"agents": 54,
		"achievementRate": 36,
		"pickUpRate": 62,
		"skill": "Guerrero, Madonna U.",
		"status": 2,
		"active": 1,
		"beginDate": "20161126042332",
		"endDate": "20190615125836",
		"remainingContacts": 96
	},
	{
		"id": 50,
		"name": "Libero Mauris Aliquam Corporation",
		"description": "465-3733 Fermentum Rd.",
		"agents": 32,
		"achievementRate": 11,
		"pickUpRate": 86,
		"skill": "Benjamin, Abel V.",
		"status": 2,
		"active": 0,
		"beginDate": "20170904175123",
		"endDate": "20180904082302",
		"remainingContacts": 24
	},
	{
		"id": 51,
		"name": "Risus Morbi Associates",
		"description": "P.O. Box 688, 5782 Diam Avenue",
		"agents": 89,
		"achievementRate": 91,
		"pickUpRate": 29,
		"skill": "Clements, Kylee N.",
		"status": 2,
		"active": 0,
		"beginDate": "20160501021939",
		"endDate": "20190314042728",
		"remainingContacts": 18
	},
	{
		"id": 52,
		"name": "Aliquam Corp.",
		"description": "4378 Eleifend. Street",
		"agents": 6,
		"achievementRate": 54,
		"pickUpRate": 46,
		"skill": "Russo, Randall T.",
		"status": 2,
		"active": 0,
		"beginDate": "20161229025010",
		"endDate": "20180421232613",
		"remainingContacts": 25
	},
	{
		"id": 53,
		"name": "Elementum Company",
		"description": "4471 Cras Avenue",
		"agents": 45,
		"achievementRate": 46,
		"pickUpRate": 4,
		"skill": "Patrick, Nyssa H.",
		"status": 2,
		"active": 1,
		"beginDate": "20170331182703",
		"endDate": "20190118131727",
		"remainingContacts": 44
	},
	{
		"id": 54,
		"name": "Mauris Sagittis Consulting",
		"description": "6898 Tellus. Road",
		"agents": 23,
		"achievementRate": 61,
		"pickUpRate": 96,
		"skill": "Drake, Drew R.",
		"status": 2,
		"active": 1,
		"beginDate": "20170504161637",
		"endDate": "20190613141649",
		"remainingContacts": 55
	},
	{
		"id": 55,
		"name": "Nunc Quisque Corporation",
		"description": "P.O. Box 513, 9592 In Street",
		"agents": 86,
		"achievementRate": 98,
		"pickUpRate": 93,
		"skill": "Chandler, Noelani K.",
		"status": 2,
		"active": 0,
		"beginDate": "20160502012544",
		"endDate": "20190624124513",
		"remainingContacts": 86
	},
	{
		"id": 56,
		"name": "Interdum Corp.",
		"description": "7233 Mus. Rd.",
		"agents": 82,
		"achievementRate": 8,
		"pickUpRate": 31,
		"skill": "Hewitt, Oprah Z.",
		"status": 2,
		"active": 1,
		"beginDate": "20171202192408",
		"endDate": "20180515135814",
		"remainingContacts": 95
	},
	{
		"id": 57,
		"name": "Nulla Eu Inc.",
		"description": "817-9527 Nonummy Rd.",
		"agents": 83,
		"achievementRate": 93,
		"pickUpRate": 60,
		"skill": "Fitzpatrick, Brenden R.",
		"status": 2,
		"active": 0,
		"beginDate": "20170727122322",
		"endDate": "20190901222915",
		"remainingContacts": 74
	},
	{
		"id": 58,
		"name": "Amet Luctus Corporation",
		"description": "Ap #273-5110 Lorem St.",
		"agents": 34,
		"achievementRate": 5,
		"pickUpRate": 1,
		"skill": "Wong, Lars D.",
		"status": 2,
		"active": 1,
		"beginDate": "20170101121820",
		"endDate": "20190916012319",
		"remainingContacts": 42
	},
	{
		"id": 59,
		"name": "Lobortis Quam A PC",
		"description": "P.O. Box 682, 5155 Lorem St.",
		"agents": 80,
		"achievementRate": 39,
		"pickUpRate": 63,
		"skill": "Hayes, Hasad V.",
		"status": 2,
		"active": 0,
		"beginDate": "20170403164924",
		"endDate": "20181223153511",
		"remainingContacts": 39
	},
	{
		"id": 60,
		"name": "Amet Consectetuer Corp.",
		"description": "8670 Magna. St.",
		"agents": 7,
		"achievementRate": 54,
		"pickUpRate": 60,
		"skill": "Kelley, Hollee H.",
		"status": 2,
		"active": 1,
		"beginDate": "20161217123542",
		"endDate": "20181230144200",
		"remainingContacts": 75
	},
	{
		"id": 61,
		"name": "Metus In Limited",
		"description": "P.O. Box 183, 8378 Enim. St.",
		"agents": 15,
		"achievementRate": 98,
		"pickUpRate": 43,
		"skill": "Sanchez, Gisela M.",
		"status": 2,
		"active": 1,
		"beginDate": "20160627082254",
		"endDate": "20180309124215",
		"remainingContacts": 60
	},
	{
		"id": 62,
		"name": "Libero Morbi PC",
		"description": "Ap #363-1913 Semper Street",
		"agents": 18,
		"achievementRate": 70,
		"pickUpRate": 47,
		"skill": "Pope, Emmanuel C.",
		"status": 2,
		"active": 1,
		"beginDate": "20160214012235",
		"endDate": "20180410133115",
		"remainingContacts": 43
	},
	{
		"id": 63,
		"name": "Et Ltd",
		"description": "1266 Mi Ave",
		"agents": 79,
		"achievementRate": 34,
		"pickUpRate": 23,
		"skill": "Bates, Dillon A.",
		"status": 2,
		"active": 1,
		"beginDate": "20171119185657",
		"endDate": "20190517223305",
		"remainingContacts": 99
	},
	{
		"id": 64,
		"name": "Phasellus Inc.",
		"description": "P.O. Box 759, 3543 Mi Street",
		"agents": 66,
		"achievementRate": 8,
		"pickUpRate": 93,
		"skill": "Patrick, Kirsten R.",
		"status": 2,
		"active": 0,
		"beginDate": "20161030202720",
		"endDate": "20190618045431",
		"remainingContacts": 82
	},
	{
		"id": 65,
		"name": "Dui Fusce Aliquam Company",
		"description": "130-8503 Sem Rd.",
		"agents": 6,
		"achievementRate": 9,
		"pickUpRate": 12,
		"skill": "Callahan, Kyra A.",
		"status": 2,
		"active": 0,
		"beginDate": "20171203003325",
		"endDate": "20190910172046",
		"remainingContacts": 76
	},
	{
		"id": 66,
		"name": "Pretium Industries",
		"description": "Ap #295-3672 Pretium St.",
		"agents": 20,
		"achievementRate": 6,
		"pickUpRate": 95,
		"skill": "Hahn, Skyler U.",
		"status": 2,
		"active": 1,
		"beginDate": "20160111074001",
		"endDate": "20190122183434",
		"remainingContacts": 100
	},
	{
		"id": 67,
		"name": "Dictum Magna Ut Limited",
		"description": "784-5880 Tortor. Rd.",
		"agents": 44,
		"achievementRate": 33,
		"pickUpRate": 2,
		"skill": "Nicholson, Otto A.",
		"status": 2,
		"active": 0,
		"beginDate": "20170820092704",
		"endDate": "20180430231012",
		"remainingContacts": 28
	},
	{
		"id": 68,
		"name": "Nisi Corporation",
		"description": "Ap #734-1892 Tempus Avenue",
		"agents": 65,
		"achievementRate": 75,
		"pickUpRate": 99,
		"skill": "Dixon, Jena G.",
		"status": 2,
		"active": 0,
		"beginDate": "20170528091915",
		"endDate": "20181128221121",
		"remainingContacts": 2
	},
	{
		"id": 69,
		"name": "Augue Malesuada Corp.",
		"description": "197-530 Fusce St.",
		"agents": 17,
		"achievementRate": 15,
		"pickUpRate": 68,
		"skill": "Hensley, Katelyn J.",
		"status": 2,
		"active": 0,
		"beginDate": "20160809213632",
		"endDate": "20180225131739",
		"remainingContacts": 73
	},
	{
		"id": 70,
		"name": "Metus Corporation",
		"description": "P.O. Box 951, 3276 Ultrices Ave",
		"agents": 6,
		"achievementRate": 15,
		"pickUpRate": 92,
		"skill": "Rosario, Lionel H.",
		"status": 2,
		"active": 1,
		"beginDate": "20170821060158",
		"endDate": "20190428201809",
		"remainingContacts": 79
	},
	{
		"id": 71,
		"name": "Taciti Sociosqu Ltd",
		"description": "6151 Aenean Ave",
		"agents": 65,
		"achievementRate": 70,
		"pickUpRate": 9,
		"skill": "Mccall, Jolie K.",
		"status": 2,
		"active": 0,
		"beginDate": "20160328045512",
		"endDate": "20180430171436",
		"remainingContacts": 64
	},
	{
		"id": 72,
		"name": "Odio Semper Company",
		"description": "Ap #199-3682 Lorem Street",
		"agents": 11,
		"achievementRate": 40,
		"pickUpRate": 100,
		"skill": "Logan, Hedy R.",
		"status": 2,
		"active": 1,
		"beginDate": "20161127080027",
		"endDate": "20180405193823",
		"remainingContacts": 40
	},
	{
		"id": 73,
		"name": "Tortor Consulting",
		"description": "P.O. Box 747, 5053 Ac Avenue",
		"agents": 67,
		"achievementRate": 67,
		"pickUpRate": 14,
		"skill": "Rosales, Stuart A.",
		"status": 2,
		"active": 0,
		"beginDate": "20171029151419",
		"endDate": "20191128091911",
		"remainingContacts": 25
	},
	{
		"id": 74,
		"name": "Nec Euismod Corporation",
		"description": "Ap #287-9192 Molestie Rd.",
		"agents": 53,
		"achievementRate": 85,
		"pickUpRate": 27,
		"skill": "Frye, Alfonso A.",
		"status": 2,
		"active": 0,
		"beginDate": "20171224161050",
		"endDate": "20190210004132",
		"remainingContacts": 70
	},
	{
		"id": 75,
		"name": "Nunc Interdum Corporation",
		"description": "665-6017 Non Rd.",
		"agents": 30,
		"achievementRate": 48,
		"pickUpRate": 4,
		"skill": "Wells, Ira G.",
		"status": 2,
		"active": 1,
		"beginDate": "20170915153849",
		"endDate": "20190128074107",
		"remainingContacts": 29
	},
	{
		"id": 76,
		"name": "Morbi Neque Tellus Institute",
		"description": "188-9599 Sed St.",
		"agents": 2,
		"achievementRate": 24,
		"pickUpRate": 26,
		"skill": "Morgan, Kadeem V.",
		"status": 2,
		"active": 0,
		"beginDate": "20170203144004",
		"endDate": "20190225060228",
		"remainingContacts": 57
	},
	{
		"id": 77,
		"name": "Malesuada Vel Associates",
		"description": "7181 Maecenas St.",
		"agents": 98,
		"achievementRate": 85,
		"pickUpRate": 19,
		"skill": "Osborn, Julie S.",
		"status": 2,
		"active": 1,
		"beginDate": "20170626195517",
		"endDate": "20190213234457",
		"remainingContacts": 84
	},
	{
		"id": 78,
		"name": "Ante Ipsum Primis LLP",
		"description": "765-6399 Justo Rd.",
		"agents": 27,
		"achievementRate": 7,
		"pickUpRate": 33,
		"skill": "Valdez, Kibo Y.",
		"status": 2,
		"active": 1,
		"beginDate": "20161224170004",
		"endDate": "20190318100020",
		"remainingContacts": 61
	},
	{
		"id": 79,
		"name": "Dolor Sit Amet Foundation",
		"description": "Ap #453-7461 Fames Rd.",
		"agents": 57,
		"achievementRate": 33,
		"pickUpRate": 2,
		"skill": "Yates, India L.",
		"status": 2,
		"active": 1,
		"beginDate": "20170215141701",
		"endDate": "20190725065430",
		"remainingContacts": 74
	},
	{
		"id": 80,
		"name": "Ut Tincidunt Incorporated",
		"description": "Ap #841-9552 Luctus Rd.",
		"agents": 71,
		"achievementRate": 62,
		"pickUpRate": 16,
		"skill": "Callahan, Sophia G.",
		"status": 2,
		"active": 1,
		"beginDate": "20161108203147",
		"endDate": "20190811135314",
		"remainingContacts": 57
	},
	{
		"id": 81,
		"name": "In Cursus Et Inc.",
		"description": "Ap #970-2469 Sit Rd.",
		"agents": 61,
		"achievementRate": 70,
		"pickUpRate": 7,
		"skill": "Robles, Echo Q.",
		"status": 2,
		"active": 1,
		"beginDate": "20170109103141",
		"endDate": "20180321032247",
		"remainingContacts": 16
	},
	{
		"id": 82,
		"name": "Pellentesque Ultricies Company",
		"description": "620-2261 Ante St.",
		"agents": 39,
		"achievementRate": 67,
		"pickUpRate": 36,
		"skill": "Frazier, Palmer O.",
		"status": 2,
		"active": 1,
		"beginDate": "20160518003027",
		"endDate": "20180430144608",
		"remainingContacts": 53
	},
	{
		"id": 83,
		"name": "Sem Molestie PC",
		"description": "260-5882 Nonummy Av.",
		"agents": 73,
		"achievementRate": 2,
		"pickUpRate": 74,
		"skill": "Wells, Karen D.",
		"status": 2,
		"active": 0,
		"beginDate": "20170104154133",
		"endDate": "20180326040945",
		"remainingContacts": 45
	},
	{
		"id": 84,
		"name": "Vitae Inc.",
		"description": "Ap #210-3602 Eu Av.",
		"agents": 17,
		"achievementRate": 24,
		"pickUpRate": 58,
		"skill": "Mckinney, Xerxes S.",
		"status": 2,
		"active": 0,
		"beginDate": "20170128100207",
		"endDate": "20180622030204",
		"remainingContacts": 13
	},
	{
		"id": 85,
		"name": "In Molestie PC",
		"description": "P.O. Box 632, 1061 Eros. Avenue",
		"agents": 27,
		"achievementRate": 90,
		"pickUpRate": 37,
		"skill": "Mayo, Daphne V.",
		"status": 2,
		"active": 0,
		"beginDate": "20160716023936",
		"endDate": "20180214050101",
		"remainingContacts": 89
	},
	{
		"id": 86,
		"name": "Eu Institute",
		"description": "Ap #265-3732 Eu, Av.",
		"agents": 92,
		"achievementRate": 52,
		"pickUpRate": 85,
		"skill": "Hammond, Ava P.",
		"status": 2,
		"active": 1,
		"beginDate": "20170915235033",
		"endDate": "20190417101013",
		"remainingContacts": 2
	},
	{
		"id": 87,
		"name": "Sagittis Nullam Vitae Industries",
		"description": "866-6124 Egestas. Street",
		"agents": 59,
		"achievementRate": 77,
		"pickUpRate": 58,
		"skill": "Hess, Halla O.",
		"status": 2,
		"active": 0,
		"beginDate": "20160621054951",
		"endDate": "20180417071440",
		"remainingContacts": 57
	},
	{
		"id": 88,
		"name": "Et Euismod Et Inc.",
		"description": "Ap #666-6141 Ornare Rd.",
		"agents": 60,
		"achievementRate": 46,
		"pickUpRate": 85,
		"skill": "Tyler, Aileen O.",
		"status": 2,
		"active": 0,
		"beginDate": "20171127155242",
		"endDate": "20191007054815",
		"remainingContacts": 19
	},
	{
		"id": 89,
		"name": "Luctus Curabitur Egestas Inc.",
		"description": "P.O. Box 467, 520 Nec, Road",
		"agents": 96,
		"achievementRate": 88,
		"pickUpRate": 49,
		"skill": "Stevens, Zahir W.",
		"status": 2,
		"active": 1,
		"beginDate": "20160330150231",
		"endDate": "20180522220437",
		"remainingContacts": 37
	},
	{
		"id": 90,
		"name": "Ut Dolor Limited",
		"description": "Ap #196-701 A St.",
		"agents": 42,
		"achievementRate": 20,
		"pickUpRate": 36,
		"skill": "Mclean, Walter K.",
		"status": 2,
		"active": 0,
		"beginDate": "20170422085328",
		"endDate": "20190101124445",
		"remainingContacts": 34
	},
	{
		"id": 91,
		"name": "Vivamus Euismod Urna Industries",
		"description": "P.O. Box 598, 2446 Eu St.",
		"agents": 79,
		"achievementRate": 39,
		"pickUpRate": 41,
		"skill": "Gonzalez, Sebastian Z.",
		"status": 2,
		"active": 0,
		"beginDate": "20160516212426",
		"endDate": "20190701045739",
		"remainingContacts": 14
	},
	{
		"id": 92,
		"name": "Cursus Purus Nullam Corp.",
		"description": "147-7766 Purus St.",
		"agents": 93,
		"achievementRate": 28,
		"pickUpRate": 86,
		"skill": "Booker, Chastity P.",
		"status": 2,
		"active": 1,
		"beginDate": "20171102095535",
		"endDate": "20181001123658",
		"remainingContacts": 87
	},
	{
		"id": 93,
		"name": "Vulputate Velit Eu PC",
		"description": "7022 Aliquam Rd.",
		"agents": 87,
		"achievementRate": 15,
		"pickUpRate": 87,
		"skill": "Whitaker, Genevieve O.",
		"status": 2,
		"active": 1,
		"beginDate": "20160401140127",
		"endDate": "20180605222502",
		"remainingContacts": 25
	},
	{
		"id": 94,
		"name": "In Lorem Corp.",
		"description": "272-1212 Vulputate, Ave",
		"agents": 72,
		"achievementRate": 29,
		"pickUpRate": 72,
		"skill": "Glass, Kim F.",
		"status": 2,
		"active": 0,
		"beginDate": "20161103113814",
		"endDate": "20180901223530",
		"remainingContacts": 65
	},
	{
		"id": 95,
		"name": "Est Mauris Rhoncus Incorporated",
		"description": "9205 At Road",
		"agents": 95,
		"achievementRate": 89,
		"pickUpRate": 62,
		"skill": "Luna, Violet Q.",
		"status": 2,
		"active": 1,
		"beginDate": "20171207093056",
		"endDate": "20190529114453",
		"remainingContacts": 22
	},
	{
		"id": 96,
		"name": "At Auctor Ullamcorper Foundation",
		"description": "P.O. Box 787, 7124 Sapien. Rd.",
		"agents": 90,
		"achievementRate": 7,
		"pickUpRate": 18,
		"skill": "Witt, Lionel G.",
		"status": 2,
		"active": 1,
		"beginDate": "20171218051419",
		"endDate": "20180323053357",
		"remainingContacts": 71
	},
	{
		"id": 97,
		"name": "A Sollicitudin Orci Inc.",
		"description": "P.O. Box 895, 4905 Quis Av.",
		"agents": 26,
		"achievementRate": 80,
		"pickUpRate": 20,
		"skill": "Gallegos, Liberty R.",
		"status": 2,
		"active": 1,
		"beginDate": "20160223093157",
		"endDate": "20181107230049",
		"remainingContacts": 3
	},
	{
		"id": 98,
		"name": "Nunc Ut Incorporated",
		"description": "4336 Etiam Ave",
		"agents": 47,
		"achievementRate": 96,
		"pickUpRate": 36,
		"skill": "Fischer, Chelsea J.",
		"status": 2,
		"active": 0,
		"beginDate": "20170424125533",
		"endDate": "20180315023431",
		"remainingContacts": 46
	},
	{
		"id": 99,
		"name": "Urna Nullam Lobortis Industries",
		"description": "613-3248 Vulputate, Ave",
		"agents": 70,
		"achievementRate": 49,
		"pickUpRate": 85,
		"skill": "Edwards, Susan T.",
		"status": 2,
		"active": 1,
		"beginDate": "20160105065501",
		"endDate": "20190822011057",
		"remainingContacts": 17
	},
	{
		"id": 100,
		"name": "Sed PC",
		"description": "614-9893 Fusce Rd.",
		"agents": 73,
		"achievementRate": 87,
		"pickUpRate": 39,
		"skill": "Kirkland, Herrod W.",
		"status": 2,
		"active": 1,
		"beginDate": "20160804114238",
		"endDate": "20180307134631",
		"remainingContacts": 53
	}
]